Questions,Category
About what proportion of the population of the US is living on farms?,BT1
Correctly label the brain lobes indicated on the diagram below,BT1
Define compound interest.,BT1
Define four types of traceability,BT1
Define mercantilism.,BT1
"Define stream bank, floodplain and substrate.",BT1
Define the meaning of the Olympic Motto.,BT1
Draw and label a diagram of a typical stream.,BT1
Draw the basic outline of a page of notes using the Cornell Method?,BT1
Draw the block diagram of the central processing unit ,BT1
Draw the flow chart of the PNK system,BT1
How many instructions in the instruction set of RISC computer?,BT1
How many kilometers from your home to the university,BT1
How many loop statement available in c++?,BT1
How many states are there in USA,BT1
How many years does this animal live?,BT1
How much data can be stored in the cach memory,BT1
How much did he pay for his car,BT1
How much is your weight,BT1
How much time did he took to build a house,BT1
How much water does an elephant drink,BT1
Identify a phrase as a simile,BT1
"Identify a property (commutative, additive, etc(",BT1
Identify fractions from a pictorial representation,BT1
Identify ordinal positions,BT1
Identify the correct definition of osmosis,BT1
Identify the five major prophets of the Old Testament.,BT1
Identify the part of a eukaryotic cell.,BT1
Identify the standard peripheral components of a computer.,BT1
Identify which word begins with the same sound as the s in sun (Knowledge of letter s),BT1
in which countries is arabic language spoken,BT1
in which continent does the state of suriname fall,BT1
In Which part of the world does he live,BT1
Label any Olympic sporting apparatus with design features.,BT1
Label the parts of the following insects: Grasshopper,BT1
Label the parts of the microscope shown on the right,BT1
List four types of clauses mentioned in the article,BT1
List reserved words in C programming.,BT1
List the characteristics peculiar to the Cubist movement.,BT1
List the levels in Bloom's Taxonomy.,BT1
List the procedure to draw a mixed potential or Evans' diagram,BT1
List the steps involved in titration.,BT1
List three characteristics that are unique to the Cubist movement.,BT1
List three predominant economic systems that exist,BT1
Look at the symbol. What is the symbol’s purpose on a map?,BT1
Make a list of facts you learned from the story.,BT1
Name 5 steps that follow the taking of notes (within 24 hours or less)?,BT1
Name the artist who painted the Mona Lisa.,BT1
Name the food groups and at least two items of food in each group.,BT1
Name the four major food groups.,BT1
Name the main characters in the story.,BT1
Name the property that states that,BT1
Please label the diagram below:,BT1
Recall basic math facts,BT1
Recall locations of a historical events,BT1
Recall the definition of the formula datatype from your assignment 2.,BT1
Recall the equation for the Ideal Gas Law.,BT1
Recall the following pictoral example of an implementation of some queue operations,BT1
recall the supply voltage constraints,BT1
Recite a policy of immigration in Europe .,BT1
"Recite the poem ""Auto Wreck"".",BT1
Recite the principles of the Data Protection Act.,BT1
Recite the the Gaussian law,BT1
State four attributes of well engineered software.,BT1
State how to find a word in a dictionary,BT1
State the characteristics of each type of corrosion testing studied,BT1
State the definition of application in Bloom's Taxonomy.,BT1
State the formula for the area of a circle,BT1
State the guidelines to design an anodic protection system,BT1
State the pattern for expressing time in French.,BT1
Compare Calliope with Howie. Use the word bank.,BT2
Compare historical events to contemporary situations,BT2
Complete an analogy (analogy tasks are inference tasks),BT2
Describe 4 types of coupling in software design.,BT2
Describe how Phillip and Timothy survived on the Cay.,BT2
Describe in prose what is shown in graph form.,BT2
Describe in your own words how to borrow a book from the library.,BT2
Describe in your own words how to copy text from one program into another.,BT2
Describe in your own words what happens when a stream's velocity slows.,BT2
Describe in your own words what is meant by a sprained ankle.,BT2
Describe nuclear transport to a lay person.,BT2
Describe the Pareto Principle in statistical software quality assurance.,BT2
Describe what goes in each of the four areas on the first page of notes,BT2
Describe what took place as the Hato was sinking.,BT2
Describe how the linear polarization method can yield corrosion rates,BT2
Describe the major clinical differences between visceral and somatic pain,BT2
Briefly describe the author's approach to the liabilities of the GOTO statement,BT2
Describe what happened at...?,BT2
Determine the author’s point of view,BT2
Determine the next number in a sequence,BT2
Discuss the nature of socialism.,BT2
Explain how Timothy saved Phillip's life.,BT2
Explain in one's own words how to create a query in a database.,BT2
Explain in your own words what a recessive gene is.,BT2
Explain in your own words what do you mean by the term economics?,BT2
Explain in your own words what is meant by mercantilism.,BT2
Explain the causes of historical events,BT2
Explain the communicative property.,BT2
"Explain the double meaning the author attributes to the term ""successive action descriptions""",BT2
Explain the possible uses described in class for the space to the left of the vertical line.,BT2
Explain the process (paraphrase) for finding the perimeter of a rectangular garden,BT2
Explain what a poem means.,BT2
"Explain what the author means by the statement ""our intellectual powers are geared to master static relations.",BT2
Express your opinion of 'Drugs in Sport' through poetry.,BT2
From a blueprint to describe the article depicted.,BT2
"Given a graph of production trends in automobiles, describe what the graph represents in a memo to your boss.",BT2
"Given these five corrosion inhibitors, V, W, X, Y, Z, identify which are passivators  ",BT2
"Illustrate this caption: ""Olympic as a Media Event in the Information Society""",BT2
Illustrate what you think the main idea was.,BT2
In one sentence explain the main idea of a written passage.,BT2
In one sentence illustrate the main point of a written passage.,BT2
Interpret the pictures.,BT2
Outline in your own words how the Leggo's Tomato Paste advertisement sells their product.,BT2
Outline the most important insight of the tale.,BT2
Outline the mechanisms employed by bacteria allowing them to evade phagocytic destruction.,BT2
"Outline an ""attack plan"" that will allow you to test your hypothesis using computational molecular modeling tools",BT2
Paraphrase an important speech,BT2
Paraphrase what Hamlet is saying in his soliloquy.,BT2
Paraphrase the poem in your own words,BT2
"Paraphrase this poem about Sheik Schubli, explaining what he was saying about the characteristics of a friend",BT2
Describe the output of this program fragment:,BT2
Classify types of corrosion inhibitors  ,BT2
would you classify the zener diode in this circuit as a series voltage regulator or a shunt voltage regulator,BT2
"Classify the following protocols: IP, TCP, HTTP according to the ISO OSI classification",BT2
"Classify the following substances as particle, atom, element, molecule, compound",BT2
How would you classify the geographic location of your school,BT2
Classify animals into two groups.,BT2
Classify celebrations into family and community categories.,BT2
Classify frogs toads and other amphibians.,BT2
Restate main idea of story in own words.,BT2
Restate the Olympic motto in your own words.,BT2
Retell the story in your words.,BT2
Rewrite the principles of test writing.,BT2
Rewrite you predicted equation for the ideal gas law,BT2
Rewrite the markov matrix to account for this slight change.,BT2
"Rewrite the sentence in your head, following the direction given below",BT2
Rewrite a part in the poem using a different speaker,BT2
Select the best title for a passage,BT2
State in your own words the rule for balls and strikes in baseball.,BT2
State in your own words where in the library to find previous issues of journals that are no longer in the display racks.,BT2
Apply laws of statistics to evaluate the reliability of a written test.,BT3
Apply shading to produce depth in drawing.,BT3
Apply the rule of law to a new situation,BT3
Apply the storytelling technique here to a little story of your own.,BT3
Apply your understanding the Olympic spirit to develop a new motto or slogan.,BT3
Show the value of x after running this program fragment,BT3
Calculate for x in the following equation: 12x=36,BT3
Calculate the deflection of a beam under uniform loading.,BT3
Calculate the number of sacrificial anodes that would be required to form a calcareous deposit on a steel pile immersed in seawater. ,BT3
Calculate the rate of habitat fragmentation within the Colorado Front Range in the last decade.,BT3
Can you apply the method used to some experience of your own . . .?,BT3
Can you group by characteristics such as . . .?,BT3
Categorise the pictures and add them to the wall display.,BT3
Choose a country that does not compete at the Olympics and explain why that country is not an Olympic member.,BT3
Choose any U.S. president and explain how he exercised his power as Commander in Chief of the Armed Forces.,BT3
Compute the area of actual circles.,BT3
Compute the volume of a cylinder,BT3
Construct a model to demonstrate how it will work.,BT3
Demonstrate how the seasons occur.,BT3
Demonstrate how this could work in an industry setting?,BT3
Demonstrate using the OPAC and your knowledge of library organization to find a book about turtles.,BT3
Demonstrate how your unit’s specific student learning outcomes are linked to the mission of UAM.,BT3
Derive a kinetic model from experimental data.,BT3
Describe an experiment to answer the question of the effects of weight on the fall of an object.,BT3
Construct a market strategy for your product using a known strategy as a model.,BT3
Construct a simple payroll program that computes net pay for those working 40 hours or less and net pay for those working over 40 hours.,BT3
"Draw 3 pictures showing the beginning, middle and ending of the story.",BT3
Draw a picture of the bears' house.,BT3
Draw a picture of the gown Cinderella wore to the ball.,BT3
"From the information given, can you develop a set of instructions about . . .?",BT3
How could someone modify the Cornell Method to make it effective for researching a topic for a paper?,BT3
How might lifestyles in the United States be modified if a more socialistic system were adopted?,BT3
"If notes are available on the professor’s website, how should those notes be used?",BT3
"In a teaching simulation with your peers role-playing 6th grade students, demonstrate the principle of reinforcement in classroom interactions and prepare a half page description of what happened during the simulation that validated the principle.",BT3
Make a diorama to illustrate an important event.,BT3
Make a paper-mache map to include relevant information about an event.,BT3
Make a scrapbook about the areas of study.,BT3
Make up a puzzle game using the ideas from the study area.,BT3
Model an Olympic Village for the new Millenium.,BT3
Participate in a mock election,BT3
Predict what happens to X if Y increases.,BT3
Pretend you are one of the characters in the book. Write a diary about the happenings in your life for two consecutive days.,BT3
Relate the principle of reinforcement to classroom interactions.,BT3
Relate topographic map to field features,BT3
Relate your most powerful story where your use of technology in the classroom has yielded a significant outcome with a student or students,BT3
How would you relate position concept with position strategy,BT3
"Show, through role-play, the final scene in the novel.",BT3
Solve a math problem using familiar procedure or formula,BT3
Solve for the ten following fraction multiplication problems. Please make sure to show all your work.,BT3
Would you solve these two problems using similar approaches,BT3
Use Laplace to solve the following problems,BT3
Can you solve the following problem ,BT3
How to specify the impact energy and impact test temperature of the material in the Code,BT3
Specify the thickness of a galvanized coating based on atmospheric data? (level 2),BT3
Specify the thickness of a galvanized coating based on atmospheric data? (level 2),BT3
How does one specify the syntactical restrictions,BT3
Specify a deterministic finite automaton (DFA) recognizing the,BT3
Take a collection of photographs to demonstrate a particular point.,BT3
Use a costing model to compute prices on goods to maximise profits and minimise costs.,BT3
Use a manual to calculate an employee's vacation time.,BT3
Use the distance travelled and cost of petrol to calculate the cost of a coach trip using a spreadsheet.,BT3
Use the rule for a semicolon in a sentence.,BT3
What factors would you change if . . .?,BT3
What factors would you change if . . .?,BT3
Who can use what we know about sonnets and finish this poem?,BT3
Would this information be useful if you had a . . .?,BT3
Sketch a prediction of the field lines for the arrangement of electrodes shown in Figure 2,BT3
Sketch the blackbody curves for radiation emitted from the Sun and the Earth,BT3
Sketch a typical absorption process in a packed column with regeneration in form of,BT3
sketch a graph of velocity versus time for the upward and downward parts of a ball’s flight,BT3
Analyze safe and dangerous aspects of these features.,BT4
Analyze the characteristics of frogs.,BT4
Analyze the movements and sounds of a frog.,BT4
"Analyze the problem, identifying its variables.",BT4
Break down the components of a standard film camera and explain how they interact to make the machine work.,BT4
Break down the main actions of the story.,BT4
"By comparing the map of the tectonic plates to the earthquake map, what inferences can you make?",BT4
Can you compare your . . . with that presented in . . .?,BT4
Can you distinguish between . . .?,BT4
Can you explain what must have happened when . . .?,BT4
Can you find four different feelings Pa Lia had during the story?,BT4
Compare and contrast animals that the class has made.,BT4
Compare and contrast our school to other communities.,BT4
"Compare and contrast preview questions, clarifying questions and anticipated exam questions, including how each relates to the notetaking process?",BT4
Compare and contrast the waterfall model with the prototyping model.,BT4
Compare and contrast two characters in the book.,BT4
Compare fall and spring,BT4
Compare herbatious and carnivorous animals on a Venn diagram.,BT4
Compare how different children come to school.,BT4
Compare the place where the story happened with where you live.,BT4
Compare this book to the last book you read.,BT4
Compare three celebrations using a Venn diagram.,BT4
Compare two dog food commercials. What is the difference between them and how do they both sell their products?,BT4
Compare two of the characters in this book.,BT4
Conduct an investigation to produce information to support a view.,BT4
Contrast building in the coastal zone with building in a river floodplain.,BT4
Contrast Olympic athletes of today with athletes of past Olympic games.,BT4
Differentiate between .call by value and call by reference.,BT4
Differentiate printf function calls for displaying prompts and for echoing data.,BT4
Distinguish between micro and macro economics.,BT4
Distinguish facts from hypotheses,BT4
"Divide the story into initiating event, rising action, climax, and falling action",BT4
"Examine what helps to make a good Olympics? Think about money, schedules, sports and people.",BT4
"Explain the term conjugal families, by making reference to the different types of societies to which they could belong.",BT4
analyze the positive and negative points presented concerning the abolition of guns and write a brief (2-3page) narrative of your analysis.,BT4
"Differentiate the passages that attacked a political opponent personally, and those that attacked an opponent's political programs.",BT4
How does your pet differ from other animals?,BT4
How does...compare/contrast with...?,BT4
How is . . . similar to . . .?,BT4
How was life different in your town 100 years ago?,BT4
How was this similar to . . .?,BT4
How would this story be different if it had happened in a different country?,BT4
How would you distinguish between polymyositis and viral myositis in a 42-year-old man with weakness and a rash?,BT4
"If your story happened in a foreign land, compare that land to the United States.",BT4
"If your story occurred long ago, compare that time with today in a good paragraph. If it was a modern story, compare it with a long time ago and tell what would be different.",BT4
Investigate innovations that can enhance future Olympics.,BT4
Make a diagnosis or analyze a case study.,BT4
Select the athlete of the century and analyze why you chose this person.,BT4
"If interest were compounded monthly instead of daily, what would the difference in interest be?",BT4
What are the parts or features of...?,BT4
Distinguish between the following giving suitable examples,BT4
Distinguish between abstract date types (ADTs) and implementations of ADTs,BT4
"How do you distinguish between the binge-eating/purging type of anorexia nervosa and bulimia nervosa, purging type",BT4
How does Tdap differ from Td vaccine,BT4
How does autonomy differ with age,BT4
In what ways do female offenders differ from male offenders,BT4
in what ways trajectory patterns differ according to ABC,BT4
How do psychologists differ in their general attitudes toward third party presence,BT4
How did Chinese newspapers differ from US,BT4
How does public health reporting differ today from reporting two years before,BT4
How does an endorsement differ from a teaching certificate,BT4
How do we differentiate between genuine buyer and undercover buyer,BT4
How do we differentiate between an interview and an interrogation?,BT4
Differentiate between the following terms along with appropriate examples,BT4
Differentiate the following functions using the quotient rule,BT4
Can you differentiate between ethnic Chinese and ethnic Koreans,BT4
How would you differentiate obstructive apneas from central apneas,BT4
How would you differentiate a project from a program,BT4
How is scientific progress similar to Darwinian evolution according to Kuhn,BT4
"in what ways is oxyperoxidase similar to other oxygenated heme proteins, and how does it differ",BT4
Apply and integrate several different strategies to solve a mathematical problem (not according to one formula(,BT5
Can you create new and unusual uses for . . .?,BT5
Can you design a . . . to . . .?,BT5
Can you develop a proposal which would . . .?,BT5
Can you invent another character for the story?,BT5
Can you see a possible solution to . . .?,BT5
Can you write a new recipe for a tasty dish?,BT5
Choose a character. Rewrite a scene from the story from this character's point of view.,BT5
Combine any two sports to develop a new Olympic sport.,BT5
"Combine elements of drama, music, and dance into a stage presentation.",BT5
Compose a class story.,BT5
Compose a dialogue between Atticus Finch and Tom Robinson when they first met.,BT5
Compose a rhythm or put new words to a known melody.,BT5
Compose a simple rap or rhyme about zoo animals.,BT5
Compose music for a frog play.,BT5
Compose a complete C program that reads text strings from a text file into a suitable data,BT5
Compose a device that would assist an athlete in their training.,BT5
Compose an original work which incorporates five common materials in sculpture.,BT5
Compose your own note-taking design that incorporates all theadvantages of the Cornell Method.,BT5
Create a chart that compares things that use electricity and things that do NOT use electricity.,BT5
Create a new product. Give it a name and plan a marketing campaign.,BT5
"Create a new song for the opening line of ""Mary had a little lamb"".",BT5
Create a set of guidelines to determine the points of a plant susceptible to localized corrosion.,BT5
Create a storyboard for a sequel to your book. Use the same characters.,BT5
Create an equation to represent the solution to this problem.,BT5
Create and perform a play about frogs.,BT5
Create plan of local environment by drawing around boxes.,BT5
Design a building according to given specifications,BT5
design a cost effective strategy to generate reliable data.,BT5
Design a machine to perform a specific task.,BT5
Design a new animal to live in the jungle.,BT5
Design a poster for this book.,BT5
Design a testing scenario to assess the susceptibility of an alloy to be used in a given environment?,BT5
Design and make an animal that moves.,BT5
Design costumes for the characters.,BT5
Design the architecture of the software system based on the requirements defined in the Software Requirement Specification document,BT5
Develop a hypothesis.,BT5
Develop a plan for a new Olympic Bid System.,BT5
Develop a SQA Plan for a software development project which is defined in the attached document.,BT5
"Develop a way to teach the concept of ""adjectives"".",BT5
Develop one plausible ending for all three short stories below.,BT5
Devise a new economic system based on the ones that already exist.,BT5
Devise plans to market or make artwork more valuable.,BT5
Draw a painting that uses various principles of perspective to achieve its effect.,BT5
"Explain how the biological concept of symbiotic relationships could be used to help solve socially created problems like water pollution, overflowing garbage landfills, or homelessness.",BT5
Explain why it is likely that a matriarchal family system would be found in a matrilocal or matrilineal society.,BT5
"Following the identification of the forms of corrosion that were involved in a failure, recommend a solution to avoid this failure?",BT5
Given two opposing theories design an experiment to compare them.,BT5
How could we determine the number of pennies in a jar without counting them?,BT5
How could you re-write this story with a city setting?,BT5
"how do the clauses and expressions given in the article which replace GOTO statements, lead to the three traditional control statements",BT5
How many ways can you . . .?,BT5
How would the U.S.A. be different if the South had won the Civil War?,BT5
How would you change the story to create a different ending?,BT5
How would you create/design a new...?,BT5
How would you restructure the school day to reflect children's developmental needs?,BT5
Identify one problem in the book and give an alternate solution one not given by the author.,BT5
If you had access to all resources how would you deal with . . .?,BT5
Integrate training from several sources to solve a problem.,BT5
Invent a machine to do a specific task.,BT5
Justify your choice of data structure.,BT5
Make a radio announcement that advertise the book. Write it out.,BT5
Make up a new language code and write material using it.,BT5
Name one character. Rewrite the story from this character's point of view.,BT5
Organize this book into three or more sections and give your own subtitle for each section.,BT5
Plan a research paper on a given historical topic,BT5
Predict the differences of a planet with no seasonal changes.,BT5
Prepare a book jacket that illustrates the kind of book as well as the story.,BT5
Pretend you are a librarian recommending this book to someone. Write a paragraph telling what  you would say.,BT5
Revise and process to improve the outcome.,BT5
"After designing an experiment, examining the results, and drawing conclusions, determines in what ways the experiment could be conducted more effectively in order to draw more productive conclusions in the future.",BT6
"After examining the videotape of a play in a football game, determine the degree to which the defensive team performed effectively and",BT6
"After solving a problem, determine the degree to which the problem was solved as efficiently as possible",BT6
Appraise data in support of a hypothesis.,BT6
Appraise the speech's effectiveness based upon the class' criteria.,BT6
Are there students who should not use the Cornell method?,BT6
Are you a . . . person?,BT6
Assess the appropriateness of an author's conclusions based on the evidence given.,BT6
Assess the importance of understanding seasonal patters.,BT6
Assess the relative effectiveness of different graphical representations of the same data or biological concept.,BT6
Assess the strengths and weaknesses of the current Olympics and recommend action that should be taken in future Olympics: What can be,BT6
"Award the contract to the best proposal. Rank the principles of ""good sportsmanship"" in order of importance to you.",BT6
Can you defend the idea that Simon's incident with the pig's head is the most mystical in the story?,BT6
Can you defend your position about . . .?,BT6
Choose a paint schedule for the maintenance of an outdoor structure? (level 2),BT6
Choose and illustrate the two most important events in the story.,BT6
Conclude and support which economic system leads to a higher standard of living.,BT6
Construct a poster that will advertise your new food product in an exciting and irresistible way.,BT6
Critique an experimental design or a research proposal.,BT6
"Critique the other student's (or your own) speech, based on the criteria we have studied this semester.",BT6
Decide whether you are in favor of building on a floodplain; defend your position in a debate.,BT6
Decide whether you could have survived on the island blind and alone. Write about things that would have been challenging making sure to,BT6
Decide whether you learned enough about electricity from this book.,BT6
Decide which candidate would best fill the position of principal.,BT6
Decide which course of action was most effective,BT6
Decide which method of solving a problem was most effective ,BT6
Defend the following claim: The Cornell method works so well that it could turn even a poor lecture into a valuable learning experience.,BT6
Defend your use of a specific strategy in solving the problem.,BT6
Describe the economic consequence of a neolocal society. Support your description with information you have learned from this course.,BT6
Design a healthy menu that you think most people would enjoy using the healthy eating guide.,BT6
Determine if a character’s actions were heroic ,BT6
Do you agree...?,BT6
Do you think . . . is a good or a bad thing?,BT6
Establish criteria for making this choice and defend your final selection.,BT6
"Evaluate a work of art, giving the reasons for your evaluation.",BT6
Evaluate appropriate and inappropriate actions of characters.,BT6
Evaluate board games and justify why rules are important.,BT6
Evaluate the corrosion monitoring needs of a chemical processing plant ,BT6
Evaluate the level of galvanic coupling between two metals using basic kinetic information? (level 4) ,BT6
Evaluate two Internet sources of information about the Egyptians. Which would be a better choice for your purpose and why?,BT6
Evaluate whether their model is a true representation of the local environment.,BT6
Evaluate your own or a peer's essay in terms of the principles of composition discussed during the semester.,BT6
Examine the stated positions of both major political candidates with regard to a particular issue and state good reasons (based on principles discussed in class) for why one candidates position is more likely to be effective than the other's.,BT6
Explain and justify a new budget.,BT6
Explain choices made in making recommendations to an end user.,BT6
"Given an argument on any position, enumerate the logical fallacies in that argument.",BT6
"Given the data available on a research question, take a position and defend it.",BT6
"Given the data we've looked at on this topic, evaluate how appropriate this conclusion is and defend your answer.",BT6
"Given the two solutions to the stated programming problem, rate the solutions in  terms of efficiency and readability.",BT6
"Given three possible approaches to implement the defined system, discuss the possible advantages and disadvantages of each approach.",BT6
"Given two possible solutions, A and B, to solving the given software development problem, decide on the best solution. Give your justification.",BT6
How effective are . . .?,BT6
How would you decide about...?,BT6
How would you feel if . . .?,BT6
How would you have handled . . .?,BT6
"improved, reformed or rejected?",BT6
"In a given clinical situation, select the most reasonable intervention and predict the main effects and possible side effects.",BT6
Is there a better solution to . . .?,BT6
udge aesthetic qualities and relationship to future values.,BT6
judge the difficulty level for yourself.,BT6
Judge the value of . . .?,BT6
Judge whether it would be possible to survive on an island alone and blinded. Write about it.,BT6
Judge whether Olympic Ideals are realistic or unrealistic for the contemporary elite athlete.,BT6
Justify and nominate ways to prevent animal extinction.,BT6
Justify the title To Kill a Mockingbird .,BT6
Listen to two classmates conversing on tape and critique their performance on the basis of the skills covered this semester.,BT6
Place the following in order of priority...,BT6
Predict what will happen next in.,BT6
Predict whether Phillip will ever go back to visit the Cay after several years of recovery. Assuming he gets his sight back.,BT6
Recommend how our classroom or playground could be improved.,BT6
State the rule for balls and strikes in baseball.,BT1
State the rule for using a semicolon in a sentence.,BT1
What are major facts about particular cultures and societies,BT1
What are the major products and exports of countries,BT1
What are the representational symbols on maps and charts,BT1
What are the structure or functions of Congress,BT1
What are the units of corrosion penetration rates? Relate these to Faraday's law,BT1
What does ICT stands for,BT1
What is  your family name,BT1
What is a global variable?,BT1
What is a textual index,BT1
What is the setting of To Kill a Mockingbird?,BT1
What is the title of the first movie you saw,BT1
What season are we in right now?,BT1
when did saudi arabia start using internet,BT1
when did the first saudi radio station open,BT1
When did the second world war happen ,BT1
When did you born ?,BT1
when was the first airport in the yemen built,BT1
when was the UN formed,BT1
Which of the following is the method for determining the volume of a cylinder?,BT1
Which of the following item does not belong to the set ?,BT1
Which of the two liquids is hypotonic,BT1
which part of a data packet is used by a router to determine the destination network,BT1
Which technology is used by laser printer,BT1
Who is the first president   of USA,BT1
who is the founder of the kingdom of saudi Arabia,BT1
who was the first man on the moon,BT1
who was the first to compose in the arts of makamat,BT1
Who was the writer of the Hamilton,BT1
Can you state in your own words what the problem is asking you to do,BT2
State in your own words what the author means when he says,BT2
Summarize a historical document,BT2
Summarize a story in own words.,BT2
Summarize Jem’s beliefs about Boo Radley,BT2
Summarize the basic tenets of collaborative conservation.,BT2
Summarize the basic tenets of deconstructionism.,BT2
Summarize this magazine article.,BT2
Tell how Phillip kept himself alive after Timothy died.,BT2
Tell in your own words how the setting of the story made it more interesting.,BT2
Tell in your own words the beginning of the book.,BT2
"In your own words, tell what is meant by the definition of an isosceles triangle.",BT2
"In your own words, how would you define transferable skills",BT2
Translate a written text aloud from L2 to English.,BT2
Translate an equation into a computer spreadsheet.,BT2
Translate an equation into a spreadsheet formula.,BT2
Translate the following passage from The Iliad into English.,BT2
Use the E-pH or Pourbaix diagram of Cr to determine the control current and potential for the anodic protection of a S43000 stainless steel vessel.,BT2
"Compare and contrast two treatments of either drapery or animals by Greek sculptors, establishing their artistic contexts",BT2
"Briefly compare this way of testing the satisfiability of to the more standard way using SLD Resolution, as in Prolog",BT2
How would you compare SAS with the Visual Basic Application and SPSS for the processing and analysis of mainframe data,BT2
Describe and compare the role of Islamic law in the legal systems of Malaysia and Pakistan,BT2
Express the rule in function notation,BT2
Express the following systems in matrix form,BT2
Express the following percentages as fractions in simplest form,BT2
Explain the whole method of crushing,BT2
"In your own words, how would you summarize the story up",BT2
Summarize the main point of these two texts in your own words,BT2
Outline the aim of two studies within the,BT2
Outline your experience in working with service users,BT2
How do teenagers use code in emails and instant messages?,BT3
Use the second-derivative test to determine whether critical points where f0(x) = 0 yield relative maxima or relative minima,BT3
Use the unification algorithm to determine whether the following two terms are uni_able. Show intermediate step,BT3
Use tableau methods to prove that the following tableau is valid.,BT3
Use a sketch too find the exact value of each expression,BT3
Use Gauss’ Law to find the electric field between the plates when the charge on them is Q,BT3
What happens if you restrict a determinental process to a subset R  S? ,BT3
What would happen if the rainfall doubled in your state next year,BT3
What happens if you change the direction of the displacement (but not its size)?,BT3
What would you do if a heavy growth of bacteria had occurred,BT3
What would result if …,BT3
What approach would you use to prove the truth of the below statement,BT3
Construct one Turing Machine for computing each of the following functions,BT3
Construct a Venn diagram to determine the validity of the given argument.,BT3
Construct a dictionary and a truth table to determine if the following statements are logically equivalent,BT3
"How can we construct H given I, B and E?",BT3
Construct a family of networks to demonstrate that the number of different mincuts in a network can be exponential in the size of the network,BT3
How do you construct foliations on a given manifold M?,BT3
How to Construct the Optimal Maintenance Problem,BT3
How to construct simple solutions when problems are complex?,BT3
Construct the 4-Bit Ripple carry Adder Circuit,BT3
Construct an analog circuit with the following specifications,BT3
Construct the Data Path of the RISC Processor given in the previous question,BT3
How do we construct agents that can deliver. “good” assistance,BT3
How to construct the selected information system,BT3
Show how they have used creative writing strategies appropriate to the format,BT3
Show how to modify Fitch's algorithm given in class today to accommodate non-binary,BT3
Show how E-CRM can be used to improve marketing positioning as explained in the article,BT3
How would you show your understanding of the ABC process,BT3
Show me how you would check the brake lights are working on this car,BT3
In what ways are foxes similar to wolves and dogs,BT4
How are the adolescents with ASD similar of different from each other in their sources of communication breakdowns ?,BT4
Examine the data in the EMPLOYEES and DEPARTMENTS tables,BT4
Examine the differences between the model excluding the most influential observation and the model including all observations.,BT4
Critically examine the strengths and weaknesses of the positivist paradigm,BT4
Examine differences between the means of each individual switching factor.,BT4
Examine carefully the given map extract on the following page to help you work out the exercise below.,BT4
"Inspect each of these Boolean expressions, and determine whether each one is a sum of products, or a product of sums",BT4
Inspect the size of the loaded data: how many objects and variables does the iris data matrix contain?,BT4
Can you distinguish for me between what is reasonably  achievable and what are  exaggerations,BT4
Can you distinguish aged rums from unaged rums by smell,BT4
Can you distinguish pot still rums from column still rums by taste,BT4
Inspect the pattern of GPS positions relative to the “known” published value,BT4
How does your agency inspect against its expectation for operators,BT4
How to inspect and maintain fresh water plumbing systems properly,BT4
Can you analyze the fractures and determine which should be repaired surgically,BT4
Can you please analyze modern contemporary culture and tell me how your work plays a significant part in the remains of our post-modernist culture ?,BT4
"How effectively did students analyze course content on race, class, and privilege through autobiographical reflection",BT4
How do you analyze a marginally RCT,BT4
"Contrast the treatment of ""well known"" trademarks provided by Paris Article and by TRIPS Article",BT4
Contrast the Valles Marineris on Mars with the Grand Canyon,BT4
How does Hawaii contrast and compare to Florida?,BT4
Investigate whether or not the system can be solved for x; y; z ,BT4
Investigate (pointwise) convergence and absolute convergence of the given series of functions,BT4
How would you investigate this patient,BT4
How would you investigate this abnormality,BT4
What can I do to investigate this problem further,BT4
how the investigation was undertaken,BT4
How would you differentiate between heterodox and mainstream,BT4
"How do I differentiate between ""deceive"" and ""cheat on""?",BT4
Revise how to complete a complex task in order to improve the outcome.,BT5
Revises and process to improve the outcome.,BT5
"structure, sorts the list in ascending order, displays the list on the screen and stores the list",BT5
Suppose Phillip wasn't rescued shortly after Timothy's death. How long could he have survived?,BT5
"Using information from the book about one of the main characters, rewrite the ending of the book.",BT5
What ideas can you add to...?,BT5
What might happen if you combined...?,BT5
What solutions would you suggest for...?,BT5
What would happen if . . .?,BT5
What would you predict/infer from...?,BT5
Why don’t you devise your own way to deal with . . .?,BT5
Why not compose a song about . . .?,BT5
"Write a C program that accepts integer inputs from the screen, computes the total and average values; and displays the values on the screen.",BT5
Write a letter to the editor on a social issue of concern to you.,BT5
Write a logically organized argument in favor of a given position.,BT5
Write a poem about this book.,BT5
Write a set of rules to prevent what happened in the story.,BT5
Write a short story relating a personal experience in the style of a picaresque novel.,BT5
Write a song about 'Old MacDonald' who had a bulldozer instead of a farm.,BT5
Write an essay in not more than 250 words about India and Technological Advancement. Use active voice as much as possible.,BT5
How do you combine the results of various individual tests to determine whether a student can progress to a next semester / phase / year?,BT5
How can we combine and abstract facts about a software system to create new knowledge?,BT5
How to combine virtual symmetry and symbolic model checking effectively,BT5
How do we efficiently combine multiple subject graphs to construct an aig with choice,BT5
how do we devise a way to enforce the laws,BT5
can you devise an explicit formula for,BT5
Do you devise a systematic approach in order to get larger progressions,BT5
Develop and execute a program for this exercise,BT5
Develop a network based on the following information: Activity Immediate predecessors,BT5
How could we develop a coherent measure of success for organisations engaged in this type of activity with young people?,BT5
Select the best proposal for a proposed water treatment plant.,BT6
Select the most effective solution.,BT6
suggest ways in which it could have responded more effectively,BT6
decide about the most exciting part of the book. being sure to give at least three reasons why?,BT6
Use a judge and jury to discuss the statement 'Children enjoy Anthony Browne's books because of the illustrations'.,BT6
"Using straight value depreciation, decide between two copper-nickel alloys for the design of a heat exchanger. ",BT6
"Using the basic principles of socialism discussed in this course, evaluate the US economic system by providing key arguments to support your judgment.",BT6
Was Hemingway a great American writer? First you will need to define greatness.,BT6
What changes to . . . would you recommend?,BT6
What criteria would you use to assess the validity of a business contract?,BT6
What criteria would you use to assess...?,BT6
What do you think about . . .?,BT6
What is part of this book did you like best. Tell why you like it?,BT6
What is the most important...?,BT6
Which of the following actions would probably be least effective in determining the answer?,BT6
"Which of the two algorithms, bubblesort or quicksort, is more efficient? Justify your answer.",BT6
Would you have liked to have had Cinderella for a sister? Explain why or why not.,BT6
Write a list of criteria to judge the Willy raps.,BT6
Revise the story and specify the type of audience that would enjoy this book.,BT6
Estimate the epicentral coordinates of the earth-quake,BT6
Estimate the risk of serious illness for consumers in different susceptible population groups,BT6
Estimate expenditure on HIV/AIDS education,BT6
Estimate the difficulty of the question,BT6
Estimate roughly how long the collision process takes,BT6
What do you think is the best thing about coming to Viestal?,BT6
What do you think is the mass and why,BT6
What do you think are the strengths of using integrated math in your program?,BT6
Do you think that this statement conveys the idea that i am trying to portray,BT6
How do you think the community should grow or change,BT6
How Do You Think One Should Reason in Making Ethical Decisions in Business,BT6
